review_id,date,user_name,stars,review,product_id,product,reply_by,reply
29961957,2026-06-15,ترلان حسینی,5,بوی مطلوبی داره😍😍,44509892,مام قارچی داو مدل Original حجم 50 میل اصل,,
29953641,2026-06-15,قاسمپور,5,قیمت عالی ...کیفیت بالا,44162475,استیک ضد تعریق زنانه آمبرلا مدل سافت کلییر Soft clear حجم 75 میلی لیتر تاریخ انقضا 1407,,
29953622,2026-06-15,قاسمپور,5,خیلی سریع رسید .تمیز و‌مرتب و قیمتش از همه جا ارزونتر بود,44183217,استیک ضد تعریق مردانه آمبرلا مدل هیرو من 75 میلی لیتر انقضا 1407,,
29931396,2026-06-14,خانم. رنجبر,5,ممنون خوب بود,44936957,ریمل مکس ولوم حجم دهنده و بلند کننده 12 میل ضد آب اصل,,
29926711,2026-06-14,سپیده,5,خیلی عالیه ولی فقط حواستون باید باشه مرتب زده بشه وگرنه بد میشه,42234310,تینت ابرو پیلاف برچسبی اولیبولا olibolla در چهار شماره,,
29924639,2026-06-14,فاطیما,5,محصولی فوق العاده بود واقعا، توصیه میکنم حتما بخرید ریزش موهام کاملا قطع شد و رشد موهام بیشتر شده🤍,35209094,شامپو Bioxcin مدل Forte ضد ریزش و تقویت ریشه مو (300ml),علی خلیلی,سلام خیلی خوشحالیم از محصول رضایت داشتید 
29897443,2026-06-13,فاطمه خوش اندام,3,خیلی کوچیک بود ولی خوبه,47116337,پک مراقبتی مینی برنج 5 عددی مدل مسافرتی,علی خلیلی,سلام بله پک مینی هست همونطور که در توضیحات نوشته شده و مخصوص مسافرت مدل بزرگ تر همین پک هم موجود داریم که 6 آیتم داخلشه و حجم محصولات بالاتر هستن
29867589,2026-06-12,النا سادات حسینی,5,کاملا راضی بودم، اگر پوست چرب دارید اصلا سنگین نیست و برق نمی‌اندازه‌ پاسخگویی سریع و محترمانه و (همشهری بودیم و همون روز محصول رو دریافت کردم),39897679,ضد آفتاب بیرنگ استلین SPF 50 (50 گرم) – Estelin,علی خلیلی,سلام خیلی خوشحالیم که مارو انتخاب کردید و از سفارشتون هم راضی هستید 
29862397,2026-06-12,مینا فتاحی,5,ممنون از غرفه دار محترم رکسونا ها کاملا اصل بودش روغن هم استفاده کردم راضی بودم موهامو نرم کرد خیلی و چربی روی مو نشون نداد اصلا ارسالم دقیقا بعد سه روز به دستم رسید,35209616,اسپری ضد تعریق زنانه رکسونا Rexona مدل Cotton Dry روسی,علی خلیلی,سلام خیلی ممنونم که نظرتون رو ثبت کردید 
29849025,2026-06-11,م ش,5,ارسال سریع. بسته بندی عالی. غرفه دار محترم کلی وقت گذاشتن و راهنمایی کردن و توضیحاتی ک لازم داشتم رو بهم گفتن. بسیار خوشبرخورد. خدا ب کسب و کارشون برکت بده. خرید از این غرفه رو توصیه میکنم.,35209120,شامپو آرگان لایتنس 900 میل اصل,علی خلیلی,خیلی خوشحالیم که راضی بودید و نظرتون رو هم ثبت کردید 
29848828,2026-06-11,م ش,5,خیلی خوشرنگ و خوش‌بوعه. ارسال هم عالی و سریع بود.,41417424,لیپ گلاس اولیبولا طرح رود در 8 رنگ,علی خلیلی,مبارکتون باشه این لیپ گلاس بسیار با کیفیته و انتخاب عالی ای داشتید
29847781,2026-06-11,لیلا فروغی,5,بسته رو زود ارسال کردن ممنون از غرفه دار,44192758,مام مردانه سورمه ای کلین کامفورت Clean Comfort حجم 75 میل کامان Comeon,,
29847741,2026-06-11,لیلا فروغی,5,ممنون از غرفه دار. محصول سالم و سلامت به دستم رسید و قیمتش هم از مابقی غرفه ها بهتر بود.,44162475,استیک ضد تعریق زنانه آمبرلا مدل سافت کلییر Soft clear حجم 75 میلی لیتر تاریخ انقضا 1407,علی خلیلی,سلام ممنونم که نظرتون رو ثبت کردید 
29838038,2026-06-11,معصومه رضائیان,5,خیلی خوب و ناز بود و کوچولو🤏🩷,43804902,کرم دست مینی 20 گرمی بستنی توت فرنگی سادور Sadoer,علی خلیلی,خیلی کیوتن اینا😍
29792878,2026-06-10,haneiy Rezaei,1,بد نیست ولی خب اونجوری هم که ازش تعریف میکنن نیست واقعا اصن روی مژه خشک نمیشه همش هم میریزه,42233430,ریمل سوزنی Gege Bear بلند کننده و حالت دهنده,,
29746603,2026-06-08,مهدیس ارجمند,5,بسته ام رسید استفاده کردم خیلی عالی بود ممنون از غرفه دار,42240837,کرم پودر استیکی اولیبولا olibolla براش دار اصلی,علی خلیلی,سلام مبارکتون باشه بله این محصول فوق العادست 
29727548,2026-06-08,سحر نیاکان,5,خیلی روون و خوبه من به خط لب استفاده میکنم و ترکیبش با رنگهای روشن خیلی قشنگ میشه. فروشنده هم خیلی سریع ارسال کردن و دو سه روزه بسته ی من رسید پیشنهاد میکنم حتما از محصولات این غرفه خریداری کنید.,46500057,رژلب پیچی آرت اسکین مدل Super Wear Ink Crayon,علی خلیلی,عالیه خوشحالم که راضی بودید از ما و محصول 
29727490,2026-06-08,سحر نیاکان,5,خیلییی بهتر از انتظارم بود و بشدت خوب بود و بلند کنندگیه عالی ای داشت. کلا محصولات این برند خیلی خوب هستن.,42233430,ریمل سوزنی Gege Bear بلند کننده و حالت دهنده,,
29727396,2026-06-08,سحر نیاکان,5,خیلی رژگونه ی خوبیه و پیگمنت بالایی داره من رنگ 6 رو گرفتم که ترکیبش با یه خط لب نود برای رژ لب هم خیلی شیکه و قشنگه,42231636,رژگونه و رژ لب خیس اولیبولا فضایی وزن 3.6 گرم,علی خلیلی,بله این رژگونه واقعا عالیه 
29718213,2026-06-08,دوست باسلامی,5,عالیه,45363078,پودر فیکس سه رنگ گک GAGK | کره ای,,
29718205,2026-06-08,دوست باسلامی,5,عالی,43839048,تونر توت فرنگی 130 میل سادور Sadoer,,
29718200,2026-06-08,دوست باسلامی,5,خوبه,42391921,کرم دور چشم ویتامین سی مدل پرتقالی,,
29689602,2026-06-07,اسما احمدی,5,همچی عالی بود ممنونم واقعا 🌸😊,45130746,اسپری ضد افتاب هایمز SPF 30 حجم 150 میل با عصاره انار مناسب انواع پوست,علی خلیلی,سلام خیلی خوشحالیم که راضی هستید 😊
29689395,2026-06-07,فاطمه عمرانی,5,کیفیت و قیمتش خیلی مناسب و خوب بود,42233430,ریمل سوزنی Gege Bear بلند کننده و حالت دهنده,,
29682436,2026-06-07,پریا پورکمال,5,خیلی عالی بود ممنونم,45914597,پالت کتابی آرایشی 5 صفحه آیگودکو igoodco مدل IG3057,علی خلیلی,سلام مبارکتون باشه این پالت واقعا عالیه حتی از قیمت آمازونم پایینتر در بهداشتیک عرضه شده 😎
29661292,2026-06-06,فاطمه عبداللهی,5,عالی وقیمت مناسب🌸❤️‍🔥,44193983,استیک ضد تعریق زنانه مدل Long Lasting حجم 75 میل کامان Comeon,,
29643090,2026-06-06,محمدی,5,عالی,46213641,پالت کانتور و رژگونه پودری 12 رنگ آرت اسکین Artskin,,
29641794,2026-06-06,شیخی,5,عالی,44186209,ضد تعریق مردانه مدل خنک کننده long lasting حجم 75 میل کامان Comeon,,
29624374,2026-06-05,saba,1,مدل بلنده کننده گرفتم، ولی اصلا تعریفی نداشت،موادش کم و حالت خشکی داشت، خیلی هم بلند نکرده بود.یه چیز کاملا معمولی,41293677,ریمل هدی موجی hudamoji در سه مدل,,
29622897,2026-06-05,زهرا رضایی,5,عالی بودن همون چیزی که میخواستم,41478220,خط لب دراگون نود به صورت تک,علی خلیلی,عالیه مبارکتون باشه هر وقت تمومش کردید ما دوباره در خدمتتون هستیم🙏
29619442,2026-06-05,زهرا سوها,3,زیاد موثر نیست,42228955,وزگیر موی آرگان برند IKT,,
29619433,2026-06-05,زهرا سوها,4,معمولیه ولی توقع بیشتری داشتم از این برند,44162475,استیک ضد تعریق زنانه آمبرلا مدل سافت کلییر Soft clear حجم 75 میلی لیتر تاریخ انقضا 1407,علی خلیلی,استیک های ضد تعریف آمبرلا فاقد آلومینیوم هستن به خاطر همین برای پوست های حساس بسیار مناسبن با این حال افرادی که تعریق بیشتری دارن و تمایل دارن جلوگیری بیشتری نسبت به تعریق داشته باشن برند رقیبش یعنی کامان عملکرد بهتری خواهد داشت که ما اونم موجود داریم
29617633,2026-06-05,فاطمه زهرا تازیکه,5,عالی بود,41417424,لیپ گلاس اولیبولا طرح رود در 8 رنگ,,
29596663,2026-06-04,Faezeh,4,رنگ مشکی سفارش دادم قهوه ای ارسال شد که مهم نیست چون خیلی خوش رنگه🌝,37309977,مداد چشم تایرا مدل Carbon Black اصل,علی خلیلی,"سلام خوشحالیک که راضی هستید ولی خب ما یادمون رفته روی عنوان بنویسیم این مداد کلا رو طیف قهوه ایه
"
29594119,2026-06-04,الناز علیزاده,5,عالی بود,37237557,اسپری ضد تعریق زنانه رکسونا Rexona مدل Shower Fresh روسی,,
29552236,2026-06-03,Kermani,5,تعریفشو شنیده بودم امیدوارم اصلش باشه چون موندگاری 48 ساعته شنیدم که داره... ممنون از غرفه دار محترم و وقت شناس!,44192758,مام مردانه سورمه ای کلین کامفورت Clean Comfort حجم 75 میل کامان Comeon,علی خلیلی,سلام ضمن سپاسگذاری از شما بابت درج محصول خوشحالیم که راضی هستید ، بله این مام استیک فوق العاست من خودم چندین ساله از این مدل استفاده میکنم و راضی هستم ازش و اینکه این کالا تولید ایران هست و فیک نداره 
29460528,2026-05-31,کورش خانی,5,خوب و قیمت مناسب تر,39775091,کرم آبرسان بیوآکوا Bioaqua مدل هیالورونیک اسید حجم 50 گرم,علی خلیلی,رضایت شما باعث خوشنودی مجموعه ماست ممنون از ثبت نظرتون
29460190,2026-05-31,کورش خانی,5,بسته بندی عالی ارسال خوب بهترین قیمت,42786303,فوم شستشو براش دار هیالورونیک اسید HA سادور SADOER,علی خلیلی,خیلی خوشحالیم که راضی بودید دوست عزیز
29453987,2026-05-31,مریم حسینی ,5,هم سریع ارسال کردن هم قیمتش مناسب بود واقعا راضیم ممنون❤️,44162475,استیک ضد تعریق زنانه آمبرلا مدل سافت کلییر Soft clear حجم 75 میلی لیتر تاریخ انقضا 1407,علی خلیلی,سلام سپاسگذاریم نظرتون رو درج کردید 
29430696,2026-05-31,طاهره حسینی,5,این تونر رو من دو دوره استفاده کردم بسیار راضی بودم ممنون فروشنده برای ارسال سریع شون,42377443,تونر ضد جوش و روشن کننده برنج,علی خلیلی,ممنونیم از شما بابت ثبت نظرتون خیلی خوشحالیم که راضی بودید😊
29430681,2026-05-31,طاهره حسینی,5,بوی خیلی خوبی داره و بدن رو نرم و خوشبو میکنه,42288279,لوسیون توت فرنگی سادور sadoer,علی خلیلی,بله این لوسیون عالیه ممنون بابت ثبت نظرتون😊
29427596,2026-05-31,زینب اکرمی,5,خوش رنگ و نرم بود بسته بندی مناسب، ارسال سریع، غرفه دار خوش برخورد.,45290533,لیپ استیک دراگون رانی تک و بسته کامل مناسب هدیه,علی خلیلی,خوشحالیم که راضی بودید دوست عزیز😊
29407353,2026-05-30,زینب اکرمی,5,ارسال سریع، قیمت مناسب، بسته بندی خوب. انشالله پر روزی و پربرکت باشید,40840283,خط لب پیچی دراگون رانی,علی خلیلی,"ممنون از اعتماد و همراهی شما 🌸
خیلی خوشحالیم که از خریدتون راضی بودید. امیدواریم همیشه با حال خوب از محصولاتمون استفاده کنید"
29407323,2026-05-30,زینب اکرمی,5,فعلا از نظر کارایی نمیتونم نظر بدم. ولی خیلی سریع ارسال شد و غرفه دار خیلی با حوصله پاسخگو بودن و راهنمایی کردن,42579611,کیسه آب گرم برقی مدل HYL,علی خلیلی,"از اینکه تجربه خرید خود را با ما به اشتراک گذاشتید ممنونیم
رضایت شما اولویت ماست و امیدواریم در خریدهای بعدی نیز همراه ما باشید"
29405216,2026-05-30,یاسمن اوند,5,بوش خیلییی کمه,44193983,استیک ضد تعریق زنانه مدل Long Lasting حجم 75 میل کامان Comeon,علی خلیلی,"ممنون از اینکه نظرتون رو با ما به اشتراک گذاشتید 🌸
این مدل رایحه‌ی ملایمی داره و بیشتر برای کنترل بوی بدن و استفاده روزانه طراحی شده، نه اینکه بوی خیلی تند و عطری داشته باشه.
با این حال بازخورد شما برامون ارزشمنده و ممنونیم ازتون"
29405190,2026-05-30,یاسمن اوند,5,تو عکس بزرگتر دیده میشه خیلییی کوچولوعه ولی بوی لایم و لطیفی داره حس تمیزی میده و بالمش واقعا عالیه,42274849,پک بالم لب و کرم دست آووکادو سادور SADOER مناسب هدیه,علی خلیلی,"ممنون از ثبت نظرتون 🌸
خوشحالیم که از رایحه لطیف و حس تمیزی محصول و مخصوصا بالمش رضایت داشتید."
29405126,2026-05-30,یاسمن اوند,5,قبلا هم خریده بودم خوبه,35209738,پد آرایش پاککن سکه ای ایپک Ipek بسته 70 عددی,علی خلیلی,خوشحالیم که راضی بودید دوست عزیز😊
29405095,2026-05-30,یاسمن اوند,5,واقعا عالی ابرسانیش خیلی عالیه بوی توتفرنگی کمی میده بوش زیاد نیست ملایمه,43838048,کرم آبرسان توت فرنگی سادور Sadoer,علی خلیلی,"ممنون از نظر قشنگتون 🌸
خیلی خوشحالیم که از محصول رضایت داشتید. رایحه توت‌فرنگی این کرم ملایم طراحی شده تا حس تمیزی و لطافت بده و بوی تند و آزاردهنده نداشته باشه.
امیدواریم با حال خوب استفاده کنید 💕"
29405039,2026-05-30,یاسمن اوند,5,خوبه ولی در نظر داشته باشین لا یک بار استفاده تغییری نخواهید دید,42765680,ماسک زیر چشم ویتامین سی vitamin C ورقه ای,علی خلیلی,"ممنون از بازخوردتون 🌸
بله دقیقا، این نوع محصولات مراقبتی برای نتیجه بهتر نیاز به استفاده منظم دارن"
29405000,2026-05-30,یاسمن اوند,5,عالی,45289408,پک 6 عددی مراقبت پوستی برنج دارای جعبه مناسب هدیه,علی خلیلی,این پک های برنج یکی از محصولات پرفروش بهداشتیک هستش😍 خیلی خوشحالیم که رضی بودید
29404414,2026-05-30,یاسمن اوند,5,خوب بود فقط من فکر کردم اندازش بزرگتره,45363782,کره بدن نارگیل سادور Sadoer حجم 200 گرم,علی خلیلی,"ممنون از نظر خوبتون 🌸
خوشحالیم که محصول براتون رضایت‌بخش بوده
درمورد سایز هم ما برای اینکه مشتری تصور درستی از محصول داشته باشه وزن محصول رو هم درج میکنیم"
29398182,2026-05-30,هدی ایروانی ,5,خیلی خوب بود رفتار فروشنده هم عالی بود ممنون بابت پاسخگویی شما,42233430,ریمل سوزنی Gege Bear بلند کننده و حالت دهنده,علی خلیلی,ممنون از ثبت نظرتون امیدواریم در خوشی ها استفاده کنید😊
29397680,2026-05-30,مریم,5,سلام دستتون درد نکنه 🌹خیلی زود به دستم رسید فقط کاش دو تا سفارش داده بودم چون به محض رسیدن دخترم برداشت برای خودش☹️😁,44823622,ضد افتاب استیکی استلین مدل ویتامین C SPF 50 حجم 20 میل,علی خلیلی,"سلام دوست عزیز، مبارکتون باشه 🌸
خیلی خوشحالیم که سفارشتون سریع به دستتون رسیده و محصول اینقدر مورد پسند بوده که دخترتون زودتر صاحبش شده 😄
امیدواریم با رضایت از این محصول استفاده کنید. برای خرید بعدی هم با افتخار در خدمتتون هستیم 💛"
29377785,2026-05-29,محسن,5,این فوم شست و شو از نظر حجم و قیمت واقعا اقتصادی هستش. بوی خوبی داره. اصلا بعد از شستشو صورت چروکیده یا سفیدک نمیزنه.بافت اش نرمه . ممنون از فروشنده,40836298,فوم شست و شو صورت با عصاره هلو,علی خلیلی,"ممنون از ثبت نظر ارزشمندتون 🌷
خوشحالیم که از این محصول رضایت داشتید. همراهی و اعتماد شما باعث دلگرمی ماست 💗"
29377735,2026-05-29,محسن,5,ممنون از صداقت و راستگویی فروشنده . کرم خوبی هستش، تاثیر گذاره اگر دوره ها رو کامل کنی . وقتی استفاده میکنی کاملا لعاب برنج و بوش نمایان هستش. زود جذب میشه و اصلا سنگین نیست. اونایی که استفاده کردن مطمئن باشید توصیه میکنن,40839482,کرم آبرسان برنج 50 گرم,علی خلیلی,خوشحالیم که راضی بودید و برای خرید های بعدی هم با افتخار در خدمتتون هستیم
29354222,2026-05-28,Narsina molavizadeh,5,خیلی عالی بود,39778976,لیپ پلامپر گل جی جی بیر GeGe Bear | حجمدهنده و برق لب فانتزی,علی خلیلی,ممنون از ثبت نظرتون و خوشحالیم که راضی هستید😊
29345600,2026-05-28,فاطمه لطفی,5,با سلام. ممنونم بابت ارسال محصول. خیلی زودتر از چیزی که فکر می‌کردم به دستم رسید.,44179033,استیک زنانه آمبرلا مدل انرژی فرش Energy Fresh حجم 75 میلی لیتر انقضا 1407,علی خلیلی,"سلام دوست عزیز خوشحالیم از خریدتون راضی هستید😊
اولویت مجموعه رضایت شما مشتریان عزیز هستش"
29338276,2026-05-28,طاهره حسینی,5,نمک های بدن اغلب بیشتر روی لایه برداری کارایی دارن اما این نمک بدن چون حالت دسری داره بیشتر سمت تغذیه پوست و رطوب رسانی خاصیت داره و باعث میشه به شدت پوست نرم و لطیف بشه و از خشکی دربیاد و برای پوست های خشک عالیه,41959300,نمک بدن دسری؛ یه دوش خوشمزه با رایحه کیک و میوه 🍰,علی خلیلی,"ممنون از نظر ارزشمندتون 🌷
خوشحالیم که نرمی، لطافت و رطوبت‌رسانی این نمک بدن مورد رضایتتون بوده. برای پوست‌های خشک واقعا انتخاب خوبیه و تجربه شما می‌تونه به بقیه مشتری‌ها هم کمک کنه 🤍"
29269841,2026-05-26,محسندهقانی,5,خوب بود,38615116,کرم پودر گابرینی تیوپی مدل Derma اصل,علی خلیلی,ممنون از ثبت نظرتون دوست عزیز🌷 
29208933,2026-05-25,دولتی,5,محصول اوکی بود، ارسال هم خیلی سریع,42579611,کیسه آب گرم برقی مدل HYL,علی خلیلی,خوشحالیم که راضی بودید دوست عزیز🌷 
29141703,2026-05-23,فاطمه نظری,5,بسیار خوش برخورد و محصولات عالی,39898323,پک بالم لب میوهای 4 عددی مرطوبکننده و رفع خشکی لب,علی خلیلی,سلام ممنونم رو نظرتون رو ثبت کردید 
29141205,2026-05-23,طاهره حسینی,5,خیلی عالی بود آب رسانیش واقعا خوب بود و بوی فوق العاده عالی هم داشت خیلی راضی بودم,41959304,کره بدن در پنج رایحه 200 گرمی (شکلات، دونات، نارگیل، وانیل، توت فرنگی),علی خلیلی,خیلی خوشحالیم که از محصول راضی بودید شما یکی از مشتری های خوب مجموعه هستید و امیدواریم این رضایت ادامه دار باشه🌷 
29131047,2026-05-23,عاطفه ترابپور,5,ارسال سریع و به موقع کیفیت عالی با سپاس از غرفه دار محترم از کیفیت عالی محصولات,44744522,ریمل گابرینی حجم دهنده و بلند کننده 12 میلی لیتر ( اصل با ضمانت ),علی خلیلی,ممنونم از نظرتون خوشحالیم که راضی بودید😊
29130848,2026-05-23,عاطفه ترابپور,5,ارسال سریع بسته بندی محصولات عالی کیفیت عالی با سپاس از غرفه دار محترم,44162475,استیک ضد تعریق زنانه آمبرلا مدل سافت کلییر Soft clear حجم 75 میلی لیتر تاریخ انقضا 1407,علی خلیلی,با تشکر از نظرتون اعتبار مجموعه از رضایت شما مشتریان نشات میگیره
29110179,2026-05-22,طاهره حسینی,5,بسیار عالی بوی برنج میده و خیلی زود جذب پوست میشه این دومین باره دارم از این غرفه سفارش میدم خیلی از محصولاتشون راضی بودم,40839482,کرم آبرسان برنج 50 گرم,علی خلیلی,ممنون از نظر زیباتون خوشحالیم که راضی بودید
29110167,2026-05-22,طاهره حسینی,5,بسیار عالی این دومین باره دارم از این غرفه سفارش میدم خیلی از محصولاتشون راضی بودم,41651447,تونر کلاژن و حلزون 115 میل سادور Sadoer,علی خلیلی,ممنونیم از شما✨
29029328,2026-05-20,elham mahmodi,5,خیلی عالی بود کاش بازم همچین قیمتی همچین کیفتی بود,42787181,ماسک مو کراتینه آرگان فری سولفات هیرنرسینگ 1000 میل,علی خلیلی,سلام خوشحالم که راضی بودید دنبالش هستیم به قیمت دوباره شارژش کنیم 😊
29016222,2026-05-20,جعفری,5,رنگش از چیزی که فکر می‌کردم خوشگلتره. بوی خوبی هم میده.,39778976,لیپ پلامپر گل جی جی بیر GeGe Bear | حجمدهنده و برق لب فانتزی,علی خلیلی,مبارکتون باشه بله این لیپ پلامپر واقعا عالیه 😊
29016173,2026-05-20,جعفری,5,رنگ و پیگمنت خوبی داره، ماندگاریش هم بالاست. برای لب و گونه میشه استفاده کرد. زود هم ارسال کردن🙏,41405940,تینت لب ژله ای قهوه ای هدی موجی,علی خلیلی,خوشحالیم که تجربه خوبی داشتید 
28841058,2026-05-16,فاطمه نظری,5,بسیار خوش برخوردی بودن و ممنونم,43777537,پک کرم دست 6 عددی مدل فانتزی سادور Sadoer مناسب هدیه,علی خلیلی,سلام ممنونم که نظرتون رو ثبت کردید
28773527,2026-05-14,مرضیه ابراهیمی,5,بوی خوبی داره،ممنون بابت هدیه 🙏🏻,42288279,لوسیون توت فرنگی سادور sadoer,علی خلیلی,خواهش میکنم، مبارکتون باشه 
28738941,2026-05-13,Farzane mahmoodi,5,رکسونا عالیه. قیمت و پاسخگویی فروشگاه عالی بود . من عجله داشتم خیلی سریع برام ارسال کردن .,35209616,اسپری ضد تعریق زنانه رکسونا Rexona مدل Cotton Dry روسی,علی خلیلی,شما مشتری خوب ما هستید هر موقع از روز میتونید ارتباط بگیرید براتون از ساعت 10 تا 12 شب ارسال میکنیم 😊
28684210,2026-05-12,زهراحجازی,5,سلام برای بار دوم بود که از این غرفه خرید کردم. جدای از کیفیت محصولات و ارسال سریعشون ، جا داره که از برخورد و رفتار غرفه دار محترم تشکر و قدردانی کنم. انشالله کسب و کارتون پر رونق و پربرکت باشه.,43839048,تونر توت فرنگی 130 میل سادور Sadoer,علی خلیلی,سلام ممنونم که نظرتون رو با بقیه دوستان به اشتراک گذاشتید 
28684055,2026-05-12,زهرا همتی,5,خیلییی عالی بود,43804902,کرم دست مینی 20 گرمی بستنی توت فرنگی سادور Sadoer,,
28630794,2026-05-11,پریا عسگری,5,خوشرنگ بود و خوب پخش میشد,43448780,تینت لب قهوه ای اسنس Essence در سه رنگ,علی خلیلی,سلام خوشحالیم راضی هستید 
28623274,2026-05-11,پریسا انتظاری,5,من 101 رو گرفتم واقعا عالی بود . کاور خوب و کاملا قشنگ رو پوست میخوابه . محصولم اصل هست با خیال راحت از این غرفه خرید کنید.,38615116,کرم پودر گابرینی تیوپی مدل Derma اصل,علی خلیلی,سلام خوشحالیم که رضایت شما را کسب کردیم 
28521547,2026-05-09,زهرا سبحانی,5,عالیه,41293677,ریمل هدی موجی hudamoji در سه مدل,,
28438814,2026-05-06,حسنی,4,عالی بود,42255436,کانسیلر پد دار اولیبولا olibolla,,
28424050,2026-05-06,زینب خوشسیرت,1,خوب نبود اصلا فیکس نمیکنه,42247030,ژل لیفت ابرو اولیبولا حجم 4.5 میل ضد آب و تقویت کننده,,
28424012,2026-05-06,زینب خوشسیرت,5,عالی,40839482,کرم آبرسان برنج 50 گرم,,
28424001,2026-05-06,زینب خوشسیرت,5,عالی,37312037,ماسک موی آرگان لایتنس حجم 1000 میلیلیتر (با ضمانت اصالت کالا),,
28418396,2026-05-06,Barzegar,5,عالی,42414699,کیسه آب مخملی سایز متوسط طرح تدی,,
28418365,2026-05-06,Barzegar,5,واقعا خوب و با کیفیته,41478220,خط لب دراگون نود به صورت تک,,
28418341,2026-05-06,Barzegar,5,خیلی سریع ارسال کردن برخورد عالی چندمین خریدم از این این غرفه ایت مثل همیشه عاااالی,42255436,کانسیلر پد دار اولیبولا olibolla,علی خلیلی,سلام خیلی خوشحالیم که مشتری خوبی مثل شما داریم😊
28418307,2026-05-06,Barzegar,5,خیلی خوب بود,42272156,پک بالم لب کرم دست توت فرنگی سادور SADOER مناسب هدیه,,
28375519,2026-05-05,مرضیه هادی,5,خرید های اینترنتی زیادی کردم و خب خیلی از کیفیت خبری نبود ولی این محصول نظرمو عوض کرد محصول بافت،بو،رنگ خیلی خوبی رو داشت بسته سالم و بدون آسیب به دستم رسید و کاملا راضی بودم به انتخاب کالا و غرفه,42245099,برق لب عسلی آویز دار اولیبولا olibolla,علی خلیلی,سلام خیلی خوشحالیم که تونستیم رضایت شمارو کسب کنیم 
28330656,2026-05-04,قاسم جمالی,3,سلام به نسبت قیمت خوب بود .,40114449,اسپری خوشبوکننده بدن زنانه ویوا کاپیو (Viva Cappio) مدل Hunca حجم 150 میل,,
28324615,2026-05-04,هدیه گرگین,5,وقتی صورتمو باهاش شستم نرم شد اصلا صورتمو خشک نکردبوی خوبی هم داره ممنون🍓🎀,42786252,فوم شوینده کلاژن مدل تیوپی 100 گرم,علی خلیلی,سلام خوشحالیم که راضی هستید 
28320711,2026-05-04,افسانه همتی حافظی,5,عالی,41293677,ریمل هدی موجی hudamoji در سه مدل,,
28304002,2026-05-04,علیرضا فاتحی,5,تشکر مورد پسند و به موقع دستم رسید,35209738,پد آرایش پاککن سکه ای ایپک Ipek بسته 70 عددی,,
28192387,2026-05-01,میناگودینی,4,خوشرنگه، اما از نظر ماندگاری مث بالم لب رنگی میمونه و ماندگاری نداره، پیگمنت خوبی داره و راحت پخش میشه و سبکه,38801748,رژ لب مایع کیکو میلانو Kiko Milano (های کپی),,
28185736,2026-05-01,سمانه نظری,5,زیبا و خوشگل,42338918,پک مراقبتی 6 عددی بلوبری سادور SADOER مناسب هدیه,علی خلیلی,مبارکتون باشه 
28170075,2026-04-30,محمدی,5,با کیفیت بود,39777855,مداد چشم شمعی شیگلم SHEGLAM های کپی با کیفیت A+,,
28167155,2026-04-30,فاطمه‌موسوی,5,از تحویل به موقع و رفتار خوب فروشنده ممنونم🙏🏻,40473878,شامپو ضد ریزش کوانتوم موهای چرب 300 میل,علی خلیلی,سلام خوشحالم که راضی هستید 
28166160,2026-04-30,عبدالغفار حق شناس,5,کیفیت عالی ارسال سریع ممنون از غرفه دار,42233430,ریمل سوزنی Gege Bear بلند کننده و حالت دهنده,علی خلیلی,سلام ممنونم نظرتون رو ثبت کردید
28114532,2026-04-29,عاطفه رستگار,5,جنس براش عالی بود زود به دستم رسید,40835546,ست براش 10 عددی کیفی,,
28100460,2026-04-28,زینب آقازاده,5,بافت سبکی داشت و برای روزمره خوبع,39897050,ضد آفتاب رنگی استلین SPF 70 (50 گرم) - Estelin,,
28000965,2026-04-26,زهرا سلیمانی,5,ارسال سریع مشتری مداری عالی محصولات تاریخ دار و اصل بسته بندی جذاب. باتشکر از غرفه دار محترم,39917010,ژل شستشوی صورت سیمپل مدل Water Boost حجم 150 میل,,
28000901,2026-04-26,زهرا سلیمانی,5,با تشکر از غرفه دار محترم. فاصله ی ثبت تا تحویل فقط نیم ساعت طول کشید، محصولات عالی. بسته بندی زیبا و جذاب. توصیه میکنم برای داشتن باکس های جذابشون یکبارهم که شده خرید کنید,42377443,تونر ضد جوش و روشن کننده برنج,علی خلیلی,سلام خوشحالیم که که تجربه خوبی رو پیش ما داشتید 
27987366,2026-04-26,ریحانه خاتمی نیا,5,عالیه خیلی خوب جذب پوست میشه حالت مخملی و نرمی خاصی به پوست میده پوست رو براق نمیکنه بوی ملایم برنجی که داره، باعث میشه حس کنی داری یه محصول طبیعی و ارگانیک رو استفاده میکنی. در کنار همه ی این ها،از رفتار محترمانه،بسته بندی شکیل وارسال سریع و به موقع غرفه دار محترم تشکر میکنم,40839482,کرم آبرسان برنج 50 گرم,,
27986823,2026-04-26,ریحانه خاتمی نیا,5,عالیه.من تنها با دوبار استفاده تأثیرش رو روی پوستم احساس کردم.,39897679,ضد آفتاب بیرنگ استلین SPF 50 (50 گرم) – Estelin,علی خلیلی,"سلام خوشحالم میبینم از محصول خوشتون اومده، مدل های جدیدش رو هم در غرفه شارژ کردیم 
"
27979208,2026-04-26,میرزایی,5,حجم زیاد و کارکرد خوب باعث رضایت من بود,35209120,شامپو آرگان لایتنس 900 میل اصل,,
27979204,2026-04-26,میرزایی,5,نظرم رو دارم بعد استفاده میگم، بنظرم روغن آرگانش خیلی خوب بود موهامو از خشکی و وزی در میاره,35209160,روغن لایتنس Lightness حاوی 95٪ آرگان خالص حجم 100 میلیلیتر,,
27979197,2026-04-26,میرزایی,5,خیلی ماسک خوبی بود من که راضی بودم حجمش هم خیلی زیاد بود با این قیمت واقعا به صرفه هست,37312037,ماسک موی آرگان لایتنس حجم 1000 میلیلیتر (با ضمانت اصالت کالا),علی خلیلی,سلام مبارکتون باشه خوشحالم که رضایت شمارو جلب کردیم 
27978285,2026-04-26,دوست باسلامی,5,ممنونم از صاحب غرفه که ظرف نیم ساعت ارسال کردن و بسیار مسئولیت پذیر بودن,35209120,شامپو آرگان لایتنس 900 میل اصل,علی خلیلی,سلام انجام وظیفه کردیم 
27964319,2026-04-25,فاطمه‌موسوی,5,بعد از استفاده پوست رو‌خشک نمیکنه و حالت کشیدگی پوست رو احساس نمیکنید,41488773,فوم براش دار برنج 120 میل,علی خلیلی,خوشحالم میبینم راضی هستید 
27934375,2026-04-25,سمیه صفایی,5,محصول رسید استفاده کردم و راضی هستم متشکرم ازفروشنده بابت ارسال به موقع ومحصول خوبشون,42240837,کرم پودر استیکی اولیبولا olibolla براش دار اصلی,علی خلیلی,سلام ممنونم بابت درج نظرتون خوشحالم که راضی هستید 
27894930,2026-04-23,مهدی ب,5,سلام غرفه ای بسیار منصف با حوصله و محصولاتشون همه اصلی این کرم و چند بار گرفتم و خیلی هم گشتم اصلش نبود و همه ب عنوان اصل جنس فیک داشتن این غرفه برام اصلش و تو دو روز فرستادن و دقیقا همونی بود که تو گفتگو برام عکس فرستادن با سه سال تاریخ انقضا یعنی محصولشون تولید اخرای سال بود و محصول اصلی امریکایش هم هست تشکر از محبتشون و از ارسال سریع و برخورد خیلی خوبشون .. با اطمینان خرید کنید .....,39777542,خرید کرم پودر کانسیلر دار دوسه Doucce (اصل),علی خلیلی,سلام خیلی ممنونم نظرتون رو ثبت کردید 
27891379,2026-04-23,امیری,5,دراسرع وقت ارسال شد,39774157,درمارولر سیستم سایز 0.25 و 0.5,,
27872111,2026-04-23,ن.خ,5,بسیار خوش برخود خدا برکت بده به کسب و کارتون 🌹,42255436,کانسیلر پد دار اولیبولا olibolla,علی خلیلی,ممنونم بابت درج نظرتون 
27822542,2026-04-22,پوریا خرمی,5,عالی خیلی زود‌تر هم رسید ب دستم,38804172,برس مو جادویی تاشو,علی خلیلی,"سلام ممنونم که نظرتون رو ثبت کردید 
"
27822538,2026-04-22,پوریا خرمی,5,عالی بود خیلی زودتر هم رسید,40457565,استند بیوتی بلندر کوچک,,
27707818,2026-04-19,حدیث عبادی,5,فکر نمیکردم اینقد کوچیک باشه ولی خوبه ممنونم,37531420,وازلین اصلی مدل Skin Protecting Jelly حجم کوچک,,
27707796,2026-04-19,حدیث عبادی,5,خیلی بوی عالی داشت ارسال خیلی خیلی سریع,37237434,اسپری ضد تعریق مردانه رکسونا Rexona مدل Extreme Protection روسی,علی خلیلی,سلام مرسی که نظرتون رو ثبت کردید
27689395,2026-04-19,آذر اسماعیل‌زاده,5,هنوز استفاده نکردم ولی کرمی از این غرفه خرید کردم خوب بود,39917249,ژل شستشوی صورت سیمپل مدل Moisturising حجم 150 میل,علی خلیلی,سلام مبارکتون باشه تو خرید بعدیتون کد تخفیف دریافت کنید ازم 
27668119,2026-04-18,آذر اسماعیل‌زاده,5,سپاس از غرفه دار عزیز خیلی عالی بود به موقه هم دستم رسید,39896258,ضد آفتاب استلین بی‌رنگ SPF 80 حجم 100 میل,علی خلیلی,سلام ممنونم نظرتون رو ثبت کردید
27653931,2026-04-18,صغری لورگی,5,عالیهععععع پیشنهاد میکنم خرید کنین,40060558,مداد لب میس دمی miss demi,علی خلیلی,سلام سپاسگذارم بابت درج نظر 
27535464,2026-04-14,محمدامین صیادی,5,فوق العاده درجه یک,37237434,اسپری ضد تعریق مردانه رکسونا Rexona مدل Extreme Protection روسی,علی خلیلی,سپاسگذارم بابت درج نظرتون 
27527009,2026-04-14,محمدرضا اسفندیاری,5,این خیلی خوب بود,38753486,ست گوش پاک کن 6 عددی مدل حرفه‌ای استیل,علی خلیلی,مبارکتون باشه خوبه که توجهتون رو جلب کرده 
27527003,2026-04-14,محمدرضا اسفندیاری,5,عالی بود,39172449,مام رول اسکلاره مدل Action Control حجم 120 میلی‌لیتر,,
27481588,2026-04-13,Barzegar,5,من بلند کننده اش و گرفتم عالی بود خیلی خوب خشک شد .نمی‌ریزه و اطراف چشم و سیاه نمیکنه عالی بود,41293677,ریمل هدی موجی hudamoji در سه مدل,علی خلیلی,از خرید شما سپاسگذاریم، همچنین سفارش بعدیتون رو براتون رایگان ارسال میکنیم 
27385230,2026-04-10,tarane,5,سریع ارسال شد ،با کیفیت بود بسته بندی عالی وبرخورد غرفه دار بسیار خوب👌,35209120,شامپو آرگان لایتنس 900 میل اصل,علی خلیلی,سلام از خرید شما سپاسگذارم یادتون نره برای خرید بعدیتون حتما ازم کد تخفیف بگیرید 
27329989,2026-04-08,دوست باسلامی,3,پیگیری و ارسال عالی بود فقط تاریخ انقضای محصول مشکل داشت که من عجله داشتم آنچنان دیگه برام مهم نبود توی یک دفعه اما درکل همه چیز عالی بود و حتی محصول هم کاملا اصل بود,40115245,اسپری ضدتعریق زنانه رکسونا Rexona مدل Powder Dry روسی,علی خلیلی,سلام بله مشکل از سمت ما بوده امیدواریم دیگه این مشکل پیش نیاد در آینده که مشتری عزیزمون هم به خاطر تازه کار بودن ما این مورد رو ازش چشم پوشی کردن که در سفارش بعدی همراه با کد تخفیف از دلتون در میاریم 
27329522,2026-04-08,زهراحجازی,5,خرید خوبی بود از کیفیت محصولات و نحوه ی برخورد غرفه دار محترم راضی هستم. خدا به کسب و کارتون برکت بده انشالله.,39895636,رژلب مایع خرسی Gege Bear مدل Tender Lip | مات و مخملی,علی خلیلی,از خرید شما سپاسگذارم 
27316970,2026-04-08,النا عیوض پور,5,اصل و عالی.,35209738,پد آرایش پاککن سکه ای ایپک Ipek بسته 70 عددی,,
27316916,2026-04-08,النا عیوض پور,5,خیلی قشنگه.,38801748,رژ لب مایع کیکو میلانو Kiko Milano (های کپی),,
27274449,2026-04-07,farahani,5,قیمت و برخورد فروشنده واقعا خیلی خوب بود,39172449,مام رول اسکلاره مدل Action Control حجم 120 میلی‌لیتر,علی خلیلی,در خدمت شما هستیم به امید روز های بهتر 
27176820,2026-04-05,محمدی,5,سریع فرستادن بدون دنگ و فنگ,37308846,دستمال مرطوب فیری مدل Lilyum بسته 100 عددی,علی خلیلی,سلام ممنون از ثبت نظر شما 
27132411,2026-04-03,غزل,5,کیفیتش عالی بود به صورتم خوابید اصل بود و خیلی سریعم به دستم رسید بسته بندیشم عالی بود,38615116,کرم پودر گابرینی تیوپی مدل Derma اصل,علی خلیلی,سلام از خرید شما سپاسگذاریم 
27071495,2026-03-31,نیلوفر غلامیان,5,ارسال سریع,39897679,ضد آفتاب بیرنگ استلین SPF 50 (50 گرم) – Estelin,علی خلیلی,سلام ممنونم بابت درج نظر 
27022483,2026-03-30,سنا کرمی,5,سلام ممنونم از غرفه دار عالی و با کیفیت رسید دستم با بسته بندی عالی رنگ رژ لب با عکس یکی بود من شماره 2,39895636,رژلب مایع خرسی Gege Bear مدل Tender Lip | مات و مخملی,,
26998564,2026-03-29,رقیه کاشفی,5,پیگمنت بالا و رنگ های بسیار کاربردی وبسته بندی خوبی داشت ممنون از غرفه دار,39776194,پالت سایه چشم آیگودکو IGOODCO | 35 رنگ با پیگمنت بالا,,
26867482,2026-03-23,لیلا ابراهیمی,5,دستمال فوق العاده عالی و بزرگ,35207480,دستمال مایکروفایبر دوطرفه مخصوص خودرو و سطوح حساس,,
26867478,2026-03-23,لیلا ابراهیمی,5,بهترین مارک مام..من‌همیشه تین مارک میخرم,39172449,مام رول اسکلاره مدل Action Control حجم 120 میلی‌لیتر,,
26847230,2026-03-22,لیلا ابراهیمی,5,پاسخگویی غرفه دار عالی و ارسال سریع.سپاس,37310675,مداد ابرو برسدار مودا (MODA) با ماندگاری بالا و جلوه طبیعی + خرید با بهترین قیمت,علی خلیلی,سلام ممنونم از شما بابت درج نظر
26749786,2026-03-18,آرایشی نازلی💄قبل از ثبت سفارش حتما موجودی بگیرید ,4,,37331567,خمیردندان کلگیت مدل سه کاره حجم 100 میلی‌لیتر,,
26639666,2026-03-15,عسگری,5,خیلی زود به دستم رسید ، ممنون از غرفه دار محترم,38753486,ست گوش پاک کن 6 عددی مدل حرفه‌ای استیل,علی خلیلی,سلام ممنونم از شما بابت درج نظر
26253731,2026-03-02,Mati,5,عالی بود ، واقعا تا 72 ساعت جلوی بوی تعریق بدن رو میگیره,35209616,اسپری ضد تعریق زنانه رکسونا Rexona مدل Cotton Dry روسی,علی خلیلی,ممنونم از ثبت نظر 
24865561,2026-01-22,رقیه رمضانی,5,ممنون از غرفه دار محترم برای پاسخگویی و ارسال سریع,35209601,اسپری ضد تعریق مردانه اسکلاره Sclaree مدل Invisible Ice Fresh,,
29973265,2026-06-15,دوست باسلامی,4,,46499940,پودر فیکس نمکدانی هدی موجی در 4 شماره,,
29973260,2026-06-15,دوست باسلامی,5,,44735168,پد بیوتی بلندر ریل تکنیک Real Techniques اصل,,
29973258,2026-06-15,دوست باسلامی,4,,40835546,ست براش 10 عددی کیفی,,
29973256,2026-06-15,دوست باسلامی,4,,38615116,کرم پودر گابرینی تیوپی مدل Derma اصل,,
29973253,2026-06-15,دوست باسلامی,4,,45914597,پالت کتابی آرایشی 5 صفحه آیگودکو igoodco مدل IG3057,,
29972329,2026-06-15,متین سلامتیان,5,,44183217,استیک ضد تعریق مردانه آمبرلا مدل هیرو من 75 میلی لیتر انقضا 1407,,
29961992,2026-06-15,ترلان حسینی,5,,47702994,اسپری ضد تعریق زنانه داو مدل فلورال تاچ Invisible Care Floral Touch حجم 250 میل تولید هند,,
29958346,2026-06-15,مصیب دولت کردستانی,5,,42765680,ماسک زیر چشم ویتامین سی vitamin C ورقه ای,,
29958306,2026-06-15,مصیب دولت کردستانی,4,,44192758,مام مردانه سورمه ای کلین کامفورت Clean Comfort حجم 75 میل کامان Comeon,,
29958199,2026-06-15,شیخی,5,,44195666,ژل شفاف ضد تعریق زنانه صورتی مدل Refresh Scent حجم 75 میل کامان Comeon,,
29958193,2026-06-15,شیخی,5,,44193983,استیک ضد تعریق زنانه مدل Long Lasting حجم 75 میل کامان Comeon,,
29958188,2026-06-15,شیخی,5,,44192758,مام مردانه سورمه ای کلین کامفورت Clean Comfort حجم 75 میل کامان Comeon,,
29958185,2026-06-15,شیخی,5,,44183217,استیک ضد تعریق مردانه آمبرلا مدل هیرو من 75 میلی لیتر انقضا 1407,,
29958182,2026-06-15,شیخی,5,,44181323,استیک ضد تعریق زنانه آمبرلا مدل وایت اسموت Smoth حجم 75 میلی لیتر انقضا 1407,,
29958181,2026-06-15,شیخی,5,,44179033,استیک زنانه آمبرلا مدل انرژی فرش Energy Fresh حجم 75 میلی لیتر انقضا 1407,,
29958178,2026-06-15,شیخی,5,,44162475,استیک ضد تعریق زنانه آمبرلا مدل سافت کلییر Soft clear حجم 75 میلی لیتر تاریخ انقضا 1407,,
29958174,2026-06-15,شیخی,5,,44160971,استیک ضد تعریق مردانه آمبرلا Total Care حجم 75 میل انقضا 1407,,
29957319,2026-06-15,صفیه حسینخانی,5,,44596703,دهانشویه نعنا پک 20 عددی سادور Sadoer,,
29957314,2026-06-15,صفیه حسینخانی,5,,39898323,پک بالم لب میوهای 4 عددی مرطوبکننده و رفع خشکی لب,,
29957312,2026-06-15,صفیه حسینخانی,5,,44936957,ریمل مکس ولوم حجم دهنده و بلند کننده 12 میل ضد آب اصل,,
29957306,2026-06-15,صفیه حسینخانی,5,,44746272,ریمل الماسی هدی موجی huda moji 20 میل,,
29957303,2026-06-15,صفیه حسینخانی,3,,42787116,خط چشم مویی مشکی مات ضد آب 10 میل,,
29957296,2026-06-15,صفیه حسینخانی,4,,42242035,رژگونه استیکی اولیبولا olibolla در 6 رنگ,,
29957294,2026-06-15,صفیه حسینخانی,3,,40839482,کرم آبرسان برنج 50 گرم,,
29957287,2026-06-15,صفیه حسینخانی,3,,41330168,رژ لب مخملی و مات کره ای مایع لیدوو LEADUU پک 5 عددی,,
29957281,2026-06-15,صفیه حسینخانی,5,,42391921,کرم دور چشم ویتامین سی مدل پرتقالی,,
29944005,2026-06-15,مریم,5,,40123838,اسپری ضد تعریق داو dove 48 ساعته در انواع رایحه ها 250 میل,,
29944004,2026-06-15,مریم,5,,45094363,اسپری ضد تعریق زنانه رکسونا مدل اسپورت SPORT حجم 200 میل با ماندگاری 72 ساعت,,
29943999,2026-06-15,مریم,5,,35209616,اسپری ضد تعریق زنانه رکسونا Rexona مدل Cotton Dry روسی,,
29933003,2026-06-14,Maki,5,,42274849,پک بالم لب و کرم دست آووکادو سادور SADOER مناسب هدیه,,
29930485,2026-06-14,فاطمه,5,,44181323,استیک ضد تعریق زنانه آمبرلا مدل وایت اسموت Smoth حجم 75 میلی لیتر انقضا 1407,,
29930480,2026-06-14,فاطمه,5,,38615116,کرم پودر گابرینی تیوپی مدل Derma اصل,,
29930472,2026-06-14,فاطمه,5,,46496418,ست براش آرایشی سوییت بیوتی 4 تیکه مدل دسته صورتی,,
29930467,2026-06-14,فاطمه,5,,38145159,ریمل اسنس حجم دهنده I Love Extreme مشکی اصل با ضمانت,,
29930465,2026-06-14,فاطمه,5,,41478220,خط لب دراگون نود به صورت تک,,
29930460,2026-06-14,فاطمه,5,,45288536,دستمال مرطوب بانیو بسته 25 عددی 3 کاره,,
29904732,2026-06-13,사리나,5,,41405690,نمک بدن آلوئه ورا سادور SADOER,,
29897459,2026-06-13,فاطمه خوش اندام,5,,42765559,ماسک ورقه ای لب سبز,,
29897456,2026-06-13,فاطمه خوش اندام,5,,42765680,ماسک زیر چشم ویتامین سی vitamin C ورقه ای,,
29897453,2026-06-13,فاطمه خوش اندام,5,,44608022,میسلار واتر دافی Dafi سبز مناسب پوست خشک تا نرمال 200 میل,,
29897450,2026-06-13,فاطمه خوش اندام,5,,45287811,ضد آفتاب ایمیجز SPF 50 حجم 45 میل اصل,,
29897448,2026-06-13,فاطمه خوش اندام,5,,45288536,دستمال مرطوب بانیو بسته 25 عددی 3 کاره,,
29885998,2026-06-13,متین سلامتیان,5,,44160971,استیک ضد تعریق مردانه آمبرلا Total Care حجم 75 میل انقضا 1407,,
29883926,2026-06-13,دنيا محمدي,5,,44736883,ژل ابرو لنسی بل مدل الوئه ورا Aloe Vera حجم 10 میل,,
29881918,2026-06-13,هستی,5,,44936957,ریمل مکس ولوم حجم دهنده و بلند کننده 12 میل ضد آب اصل,,
29865907,2026-06-12,حسنی,5,,41417424,لیپ گلاس اولیبولا طرح رود در 8 رنگ,,
29865883,2026-06-12,حسنی,5,,41478220,خط لب دراگون نود به صورت تک,,
29863077,2026-06-12,دوست باسلامی,4,,44936957,ریمل مکس ولوم حجم دهنده و بلند کننده 12 میل ضد آب اصل,,
29863078,2026-06-12,دوست باسلامی,5,,37378636,صابون لیفت ابرو مورلی (Morley) مدل Eyebrow Soap به همراه برس مخصوص,,
29862976,2026-06-12,مریم عباسی,5,,40123838,اسپری ضد تعریق داو dove 48 ساعته در انواع رایحه ها 250 میل,,
29862971,2026-06-12,مریم عباسی,5,,37237557,اسپری ضد تعریق زنانه رکسونا Rexona مدل Shower Fresh روسی,,
29842981,2026-06-11,حسینی,5,,44179033,استیک زنانه آمبرلا مدل انرژی فرش Energy Fresh حجم 75 میلی لیتر انقضا 1407,,
29821329,2026-06-10,kimia,5,,44820108,خط لب و رژلب پیچی دراگون (بسته 12 عددی),,
29813163,2026-06-10,Maryam Qasemi,5,,45370384,ریمل اصلی بل Bell فوق حجم دهنده Volume Lash با برس ژله ای,,
29811697,2026-06-10, فاطمه راستکار,5,,41298936,رژ لب مخملی Magic Casa پک 5 عددی,,
29811694,2026-06-10, فاطمه راستکار,5,,46213861,رژگونه و رژ لب کرمی اولیبولا Olibolla مدل صدفی در 4 رنگ,,
29811689,2026-06-10, فاطمه راستکار,5,,41959300,نمک بدن دسری؛ یه دوش خوشمزه با رایحه کیک و میوه 🍰,,
29802113,2026-06-10,حانا,5,,45130746,اسپری ضد افتاب هایمز SPF 30 حجم 150 میل با عصاره انار مناسب انواع پوست,,
29792478,2026-06-10,mahdis,5,,42233430,ریمل سوزنی Gege Bear بلند کننده و حالت دهنده,,
29779211,2026-06-09,زیورمحمدی,5,,42233430,ریمل سوزنی Gege Bear بلند کننده و حالت دهنده,,
29772484,2026-06-09,نرگس باقری,5,,40837516,ژل اسکراب هلو 140 میل,,
29771984,2026-06-09,فاطمه سیدی,5,,45916517,پالت آرایشی کتابی 4 صفحه igoodco مدل IG3057s مناسب هدیه ( سایه، رژگونه، کانتور و ... ),,
29769155,2026-06-09,زهرا سبحانی,5,,38752161,موزن بینی دستی بسته 3 عددی,,
29760553,2026-06-09,Zahra,5,,44181323,استیک ضد تعریق زنانه آمبرلا مدل وایت اسموت Smoth حجم 75 میلی لیتر انقضا 1407,,
29760549,2026-06-09,Zahra,5,,44296041,پد آرایشی قارچی در چند رنگ جعبه دار,,
29756393,2026-06-09,رها,4,,44192758,مام مردانه سورمه ای کلین کامفورت Clean Comfort حجم 75 میل کامان Comeon,,
29743519,2026-06-08,ط فرهمند,5,,44507076,استیک ضد تعریق مردانه آمبرلا مدل اسمارت من حجم 75 میلی لیتر,,
29738468,2026-06-08,مهسا احمدی,5,,44195666,ژل شفاف ضد تعریق زنانه صورتی مدل Refresh Scent حجم 75 میل کامان Comeon,,
29727455,2026-06-08,سحر نیاکان,5,,41405690,نمک بدن آلوئه ورا سادور SADOER,,
29726171,2026-06-08,زهرا اقاجان,5,,44160971,استیک ضد تعریق مردانه آمبرلا Total Care حجم 75 میل انقضا 1407,,
29721396,2026-06-08,زهرا حسینی,5,,41417424,لیپ گلاس اولیبولا طرح رود در 8 رنگ,,
29711069,2026-06-07,مهسا احمدی,5,,41478220,خط لب دراگون نود به صورت تک,,
29695885,2026-06-07,مهسا خسروی,5,,35209616,اسپری ضد تعریق زنانه رکسونا Rexona مدل Cotton Dry روسی,,
29685739,2026-06-07,사리나,5,,37378636,صابون لیفت ابرو مورلی (Morley) مدل Eyebrow Soap به همراه برس مخصوص,,
29685729,2026-06-07,사리나,5,,35209094,شامپو Bioxcin مدل Forte ضد ریزش و تقویت ریشه مو (300ml),,
29685724,2026-06-07,사리나,5,,42226245,ریمل شاین دار برفی اسکای لاین برند میس لارا miss lara,,
29685717,2026-06-07,사리나,5,,40457565,استند بیوتی بلندر کوچک,,
29685713,2026-06-07,사리나,5,,42232568,وزگیر مو و حالت دهنده مو تی ای جی ای حجم 75 گرم,,
29685711,2026-06-07,사리나,5,,37232883,مداد ابرو ضد آب فلورمار Flormar,,
29685698,2026-06-07,사리나,5,,44735168,پد بیوتی بلندر ریل تکنیک Real Techniques اصل,,
29685690,2026-06-07,사리나,5,,41959300,نمک بدن دسری؛ یه دوش خوشمزه با رایحه کیک و میوه 🍰,,
29658669,2026-06-06,حامد میرزایی,5,,45289408,پک 6 عددی مراقبت پوستی برنج دارای جعبه مناسب هدیه,,
29653168,2026-06-06,فاطمه‌موسوی,5,,40055945,تینت لب قلبی 3q بیوتی,,
29653161,2026-06-06,فاطمه‌موسوی,4,,40836298,فوم شست و شو صورت با عصاره هلو,,
29653158,2026-06-06,فاطمه‌موسوی,4,,40060558,مداد لب میس دمی miss demi,,
29643086,2026-06-06,محمدی,5,,44179033,استیک زنانه آمبرلا مدل انرژی فرش Energy Fresh حجم 75 میلی لیتر انقضا 1407,,
29619514,2026-06-05,زهرا سوها,3,,44507076,استیک ضد تعریق مردانه آمبرلا مدل اسمارت من حجم 75 میلی لیتر,,
29619513,2026-06-05,زهرا سوها,3,,44179033,استیک زنانه آمبرلا مدل انرژی فرش Energy Fresh حجم 75 میلی لیتر انقضا 1407,,
29619447,2026-06-05,زهرا سوها,3,,44183217,استیک ضد تعریق مردانه آمبرلا مدل هیرو من 75 میلی لیتر انقضا 1407,,
29596664,2026-06-04,Faezeh,5,,37531352,براش آرایشی خرید از بهداشتیک با ضمانت اصالت,,
29596654,2026-06-04,Faezeh,5,,35209738,پد آرایش پاککن سکه ای ایپک Ipek بسته 70 عددی,,
29596652,2026-06-04,Faezeh,5,,45288536,دستمال مرطوب بانیو بسته 25 عددی 3 کاره,,
29596648,2026-06-04,Faezeh,5,,42233430,ریمل سوزنی Gege Bear بلند کننده و حالت دهنده,,
29595918,2026-06-04,افشین حقیقت,5,,35037263,صابون گیاهی Doxa با رایحه گل رز و فرمولاسیون وگان Vegan,,
29593298,2026-06-04,فاطمه بهرامی,5,,44507076,استیک ضد تعریق مردانه آمبرلا مدل اسمارت من حجم 75 میلی لیتر,,
29593296,2026-06-04,فاطمه بهرامی,5,,44162475,استیک ضد تعریق زنانه آمبرلا مدل سافت کلییر Soft clear حجم 75 میلی لیتر تاریخ انقضا 1407,,
29588842,2026-06-03,پناه امیری,5,,40490912,اسپری دوفاز مو روغن آرگان 250 میل,,
29588839,2026-06-03,پناه امیری,5,,40457674,براش انگشتی سیلیکونی,,
29588835,2026-06-03,پناه امیری,5,,39775091,کرم آبرسان بیوآکوا Bioaqua مدل هیالورونیک اسید حجم 50 گرم,,
29588833,2026-06-03,پناه امیری,5,,42240837,کرم پودر استیکی اولیبولا olibolla براش دار اصلی,,
29588827,2026-06-03,پناه امیری,5,,44183217,استیک ضد تعریق مردانه آمبرلا مدل هیرو من 75 میلی لیتر انقضا 1407,,
29588821,2026-06-03,پناه امیری,5,,40055945,تینت لب قلبی 3q بیوتی,,
29520178,2026-06-02,Masiha,5,,41417424,لیپ گلاس اولیبولا طرح رود در 8 رنگ,,
29520173,2026-06-02,Masiha,5,,40840283,خط لب پیچی دراگون رانی,,
29503150,2026-06-01,ناصرعبدی,4,,42234310,تینت ابرو پیلاف برچسبی اولیبولا olibolla در چهار شماره,,
29503103,2026-06-01,ناصرعبدی,4,,42243939,رژ لب و خط لب پیلاف اولیبولا مدل PLUMP حجم 3.5 میل,,
29500990,2026-06-01,س,5,,44736883,ژل ابرو لنسی بل مدل الوئه ورا Aloe Vera حجم 10 میل,,
29500985,2026-06-01,س,5,,44181323,استیک ضد تعریق زنانه آمبرلا مدل وایت اسموت Smoth حجم 75 میلی لیتر انقضا 1407,,
29500983,2026-06-01,س,5,,44179033,استیک زنانه آمبرلا مدل انرژی فرش Energy Fresh حجم 75 میلی لیتر انقضا 1407,,
29500979,2026-06-01,س,5,,40840283,خط لب پیچی دراگون رانی,,
29500978,2026-06-01,س,5,,38615116,کرم پودر گابرینی تیوپی مدل Derma اصل,,
29500976,2026-06-01,س,5,,39777855,مداد چشم شمعی شیگلم SHEGLAM های کپی با کیفیت A+,,
29500973,2026-06-01,س,5,,44183217,استیک ضد تعریق مردانه آمبرلا مدل هیرو من 75 میلی لیتر انقضا 1407,,
29488777,2026-06-01,هدیه سلمانی زاده,5,,37531194,پد آرایشی تخم مرغی مدل بیوتی بلندر,,
29488427,2026-06-01,هدیه سلمانی زاده,5,,40457565,استند بیوتی بلندر کوچک,,
29476189,2026-06-01,حسینی,5,,41417424,لیپ گلاس اولیبولا طرح رود در 8 رنگ,,
29467806,2026-06-01,حسینی,5,,44746272,ریمل الماسی هدی موجی huda moji 20 میل,,
29460211,2026-05-31,کورش خانی,5,,44179033,استیک زنانه آمبرلا مدل انرژی فرش Energy Fresh حجم 75 میلی لیتر انقضا 1407,,
29460207,2026-05-31,کورش خانی,4,,43861244,دهانشویه هندوانه ساشه ای پک 20 عددی سادور Sadoer,,
29459849,2026-05-31,سام خداوردی,5,,44192758,مام مردانه سورمه ای کلین کامفورت Clean Comfort حجم 75 میل کامان Comeon,,
29459847,2026-05-31,سام خداوردی,5,,44186209,ضد تعریق مردانه مدل خنک کننده long lasting حجم 75 میل کامان Comeon,,
29459846,2026-05-31,سام خداوردی,5,,44183217,استیک ضد تعریق مردانه آمبرلا مدل هیرو من 75 میلی لیتر انقضا 1407,,
29459844,2026-05-31,سام خداوردی,5,,44730236,مام رول ضد تعریق مردانه آیسی ویو Ice Wave مای 50 میل,,
29440555,2026-05-31,حسین,5,,43804902,کرم دست مینی 20 گرمی بستنی توت فرنگی سادور Sadoer,,
29426502,2026-05-31,مهشید اشعری,5,,41478220,خط لب دراگون نود به صورت تک,,
29417360,2026-05-30,سام خداوردی,5,,44507076,استیک ضد تعریق مردانه آمبرلا مدل اسمارت من حجم 75 میلی لیتر,,
29381946,2026-05-30,دوست باسلامی,5,,41298936,رژ لب مخملی Magic Casa پک 5 عددی,,
29381945,2026-05-30,دوست باسلامی,5,,44296041,پد آرایشی قارچی در چند رنگ جعبه دار,,
29381943,2026-05-30,دوست باسلامی,5,,40836298,فوم شست و شو صورت با عصاره هلو,,
29354667,2026-05-28,دوست باسلامی,5,,39775091,کرم آبرسان بیوآکوا Bioaqua مدل هیالورونیک اسید حجم 50 گرم,,
29345606,2026-05-28,فاطمه لطفی,5,,44160971,استیک ضد تعریق مردانه آمبرلا Total Care حجم 75 میل انقضا 1407,,
29345570,2026-05-28,فاطمه لطفی,5,,41653587,لوسیون بدن مارشمالو در چند رایحه سادور Sadoer,,
29340220,2026-05-28,زهراحجازی,5,,42233430,ریمل سوزنی Gege Bear بلند کننده و حالت دهنده,,
29340219,2026-05-28,زهراحجازی,5,,42240837,کرم پودر استیکی اولیبولا olibolla براش دار اصلی,,
29340215,2026-05-28,زهراحجازی,5,,44183217,استیک ضد تعریق مردانه آمبرلا مدل هیرو من 75 میلی لیتر انقضا 1407,,
29340214,2026-05-28,زهراحجازی,5,,37312037,ماسک موی آرگان لایتنس حجم 1000 میلیلیتر (با ضمانت اصالت کالا),,
29340213,2026-05-28,زهراحجازی,5,,35209738,پد آرایش پاککن سکه ای ایپک Ipek بسته 70 عددی,,
29340210,2026-05-28,زهراحجازی,5,,44179033,استیک زنانه آمبرلا مدل انرژی فرش Energy Fresh حجم 75 میلی لیتر انقضا 1407,,
29340206,2026-05-28,زهراحجازی,5,,42245099,برق لب عسلی آویز دار اولیبولا olibolla,,
29339771,2026-05-28,المصطفی رحیمی,4,,44183217,استیک ضد تعریق مردانه آمبرلا مدل هیرو من 75 میلی لیتر انقضا 1407,,
29339765,2026-05-28,المصطفی رحیمی,4,,44162475,استیک ضد تعریق زنانه آمبرلا مدل سافت کلییر Soft clear حجم 75 میلی لیتر تاریخ انقضا 1407,,
29313602,2026-05-27,Zf,5,,44935487,کرم دست میکس عمده,,
29256181,2026-05-26,هدیه سلمانی زاده,5,,38615116,کرم پودر گابرینی تیوپی مدل Derma اصل,,
29256179,2026-05-26,هدیه سلمانی زاده,5,,44738517,پرایمر تیوپی گاب مدل PHOTO FINISH حجم 30 میل اصل,,
29256178,2026-05-26,هدیه سلمانی زاده,5,,44744522,ریمل گابرینی حجم دهنده و بلند کننده 12 میلی لیتر ( اصل با ضمانت ),,
29210868,2026-05-25,حسینی,5,,39895636,رژلب مایع خرسی Gege Bear مدل Tender Lip | مات و مخملی,,
29205563,2026-05-24,دوست باسلامی,5,,35209738,پد آرایش پاککن سکه ای ایپک Ipek بسته 70 عددی,,
29205560,2026-05-24,دوست باسلامی,5,,38750570,شامپو بدن 500 میل هوبی Hobby در چند رایحه,,
29205557,2026-05-24,دوست باسلامی,5,,38750570,شامپو بدن 500 میل هوبی Hobby در چند رایحه,,
29205554,2026-05-24,دوست باسلامی,5,,43837705,کرم دور چشم ویتامین E سادور Sadoer,,
29205551,2026-05-24,دوست باسلامی,5,,41481547,اسپری ضد آفتاب انار 150 میلی لیتر SPF30,,
29205549,2026-05-24,دوست باسلامی,5,,42785388,لوسیون بدن دو تیوپه هلو حجم 200 میل سادور Sadoer,,
29205546,2026-05-24,دوست باسلامی,5,,42338918,پک مراقبتی 6 عددی بلوبری سادور SADOER مناسب هدیه,,
29157005,2026-05-23,طاهره حسینی,5,,42391921,کرم دور چشم ویتامین سی مدل پرتقالی,,
29141708,2026-05-23,فاطمه نظری,5,,44820108,خط لب و رژلب پیچی دراگون (بسته 12 عددی),,
29141707,2026-05-23,فاطمه نظری,5,,42273930,پک بادی اسپلش و لوسیون Senoritas مناسب هدیه,,
29131057,2026-05-23,عاطفه ترابپور,5,,44181323,استیک ضد تعریق زنانه آمبرلا مدل وایت اسموت Smoth حجم 75 میلی لیتر انقضا 1407,,
29016227,2026-05-20,جعفری,5,,42378189,تینت لب ژله ای هدی موجی huda moji در چند رنگ,,
29002710,2026-05-20,پریسا نجفی,5,,42272156,پک بالم لب کرم دست توت فرنگی سادور SADOER مناسب هدیه,,
29002708,2026-05-20,پریسا نجفی,5,,44160971,استیک ضد تعریق مردانه آمبرلا Total Care حجم 75 میل انقضا 1407,,
29002704,2026-05-20,پریسا نجفی,5,,44179033,استیک زنانه آمبرلا مدل انرژی فرش Energy Fresh حجم 75 میلی لیتر انقضا 1407,,
28957908,2026-05-19,دهقان,5,,44735168,پد بیوتی بلندر ریل تکنیک Real Techniques اصل,,
28942428,2026-05-18,زهرا سبحانی,5,,39778276,براش ماسک سیلیکونی مدل تخت | نرم، ضد حساسیت و قابل شستشو,,
28843802,2026-05-16,فاطمه نظری,5,,42245099,برق لب عسلی آویز دار اولیبولا olibolla,,
28773533,2026-05-14,مرضیه ابراهیمی,5,,35209738,پد آرایش پاککن سکه ای ایپک Ipek بسته 70 عددی,,
28771366,2026-05-14,دوست باسلامی,5,,37237557,اسپری ضد تعریق زنانه رکسونا Rexona مدل Shower Fresh روسی,,
28771365,2026-05-14,دوست باسلامی,5,,39778276,براش ماسک سیلیکونی مدل تخت | نرم، ضد حساسیت و قابل شستشو,,
28763390,2026-05-14,میلاد شاکرمی,5,,42247030,ژل لیفت ابرو اولیبولا حجم 4.5 میل ضد آب و تقویت کننده,,
28763386,2026-05-14,میلاد شاکرمی,5,,42240837,کرم پودر استیکی اولیبولا olibolla براش دار اصلی,,
28684045,2026-05-12,زهراحجازی,5,,42242035,رژگونه استیکی اولیبولا olibolla در 6 رنگ,,
28630858,2026-05-11,پریا عسگری,5,,41478220,خط لب دراگون نود به صورت تک,,
28630747,2026-05-11,پریا عسگری,5,,37531194,پد آرایشی تخم مرغی مدل بیوتی بلندر,,
28613753,2026-05-11,طاهره شریفی,4,,42243939,رژ لب و خط لب پیلاف اولیبولا مدل PLUMP حجم 3.5 میل,,
28613751,2026-05-11,طاهره شریفی,4,,42765740,بلک ماسک مخصوص جوش سرسیاه,,
28559517,2026-05-09,مهدیه میرزائیان,5,,42416080,پالت سایه 12 رنگ هدی موجی huda moji,,
28548134,2026-05-09,F. Alizadeh ,5,,42233430,ریمل سوزنی Gege Bear بلند کننده و حالت دهنده,,
28529970,2026-05-09,غلامی,4,,42233430,ریمل سوزنی Gege Bear بلند کننده و حالت دهنده,,
28521529,2026-05-09,زهرا سبحانی,5,,35209616,اسپری ضد تعریق زنانه رکسونا Rexona مدل Cotton Dry روسی,,
28479924,2026-05-07,h rezaei,5,,42245099,برق لب عسلی آویز دار اولیبولا olibolla,,
28478471,2026-05-07,h rezaei,5,,42243939,رژ لب و خط لب پیلاف اولیبولا مدل PLUMP حجم 3.5 میل,,
28473263,2026-05-07,h rezaei,5,,39777542,خرید کرم پودر کانسیلر دار دوسه Doucce (اصل),,
28438955,2026-05-06,حسنی,3,,39897050,ضد آفتاب رنگی استلین SPF 70 (50 گرم) - Estelin,,
28424075,2026-05-06,زینب خوشسیرت,1,,41478220,خط لب دراگون نود به صورت تک,,
28424064,2026-05-06,زینب خوشسیرت,5,,42786303,فوم شستشو براش دار هیالورونیک اسید HA سادور SADOER,,
28418405,2026-05-06,Barzegar,5,,38752161,موزن بینی دستی بسته 3 عددی,,
28418401,2026-05-06,Barzegar,5,,42765403,ماسک لب ورقه ای گیلاس سادور Sadoer,,
28418385,2026-05-06,Barzegar,5,,42228955,وزگیر موی آرگان برند IKT,,
28391439,2026-05-06,مدینه,3,,39778976,لیپ پلامپر گل جی جی بیر GeGe Bear | حجمدهنده و برق لب فانتزی,,
28232207,2026-05-02,...,4,,41478220,خط لب دراگون نود به صورت تک,,
28232203,2026-05-02,...,5,,37531497,سایه چشم بیلیون بیوتی مدل Stay Shadows پالت 10 رنگ جذاب | خرید از بهداشتیک,,
28232187,2026-05-02,...,5,,40060558,مداد لب میس دمی miss demi,,
28232179,2026-05-02,...,5,,41293677,ریمل هدی موجی hudamoji در سه مدل,,
28231255,2026-05-02,مهدیه میرزائیان,5,,41293677,ریمل هدی موجی hudamoji در سه مدل,,
28218148,2026-05-02,دانیار غلامی,5,,39172449,مام رول اسکلاره مدل Action Control حجم 120 میلی‌لیتر,,
28196404,2026-05-01,Fatemeh jamshidi,4,,41478220,خط لب دراگون نود به صورت تک,,
28170084,2026-04-30,محمدی,2,,39172449,مام رول اسکلاره مدل Action Control حجم 120 میلی‌لیتر,,
28170079,2026-04-30,محمدی,5,,35209120,شامپو آرگان لایتنس 900 میل اصل,,
28139135,2026-04-29,آیسان پیله ور,5,,41417424,لیپ گلاس اولیبولا طرح رود در 8 رنگ,,
28139130,2026-04-29,آیسان پیله ور,5,,39778976,لیپ پلامپر گل جی جی بیر GeGe Bear | حجمدهنده و برق لب فانتزی,,
28130879,2026-04-29,میلاد شاکرمی,5,,39778976,لیپ پلامپر گل جی جی بیر GeGe Bear | حجمدهنده و برق لب فانتزی,,
28130878,2026-04-29,میلاد شاکرمی,5,,41293677,ریمل هدی موجی hudamoji در سه مدل,,
28085255,2026-04-28,z,5,,42377443,تونر ضد جوش و روشن کننده برنج,,
28085233,2026-04-28,z,5,,37531990,کرم روشن‌کننده و آبرسان بیوآکوا,,
28085214,2026-04-28,z,5,,41471038,کرم دور چشم تیوپی برنج 20 گرم,,
28085162,2026-04-28,z,5,,41959296,فوم شستشو صورت عصاره برنج حجم 100 میلی لیتر,,
27987747,2026-04-26,راضیه باسره,4,,42339145,پک مراقبتی 6 عددی هیالورونیک اسید مناسب هدیه,,
27987742,2026-04-26,راضیه باسره,4,,37230180,خط چشم مویی پاریس کوئین (Paris Queen) مدل Keratin3,,
27987729,2026-04-26,راضیه باسره,5,,41959300,نمک بدن دسری؛ یه دوش خوشمزه با رایحه کیک و میوه 🍰,,
27987722,2026-04-26,راضیه باسره,4,,41293677,ریمل هدی موجی hudamoji در سه مدل,,
27984141,2026-04-26,میلاد شاکرمی,5,,41959304,کره بدن در پنج رایحه 200 گرمی (شکلات، دونات، نارگیل، وانیل، توت فرنگی),,
27979194,2026-04-26,میرزایی,5,,37531194,پد آرایشی تخم مرغی مدل بیوتی بلندر,,
27917332,2026-04-24,دوست باسلامی,5,,38615116,کرم پودر گابرینی تیوپی مدل Derma اصل,,
27899033,2026-04-23,زهرا هاشمی,5,,39895636,رژلب مایع خرسی Gege Bear مدل Tender Lip | مات و مخملی,,
27892340,2026-04-23,فاطمه‌موسوی,5,,42377443,تونر ضد جوش و روشن کننده برنج,,
27892337,2026-04-23,فاطمه‌موسوی,5,,42765467,ماسک لب توت فرنگی ورقه ای سادور Sadoer,,
27892333,2026-04-23,فاطمه‌موسوی,2,,37309977,مداد چشم تایرا مدل Carbon Black اصل,,
27880570,2026-04-23,Fatemeh jamshidi,5,,42247030,ژل لیفت ابرو اولیبولا حجم 4.5 میل ضد آب و تقویت کننده,,
27811157,2026-04-21,صدیقه کریمه,5,,37312037,ماسک موی آرگان لایتنس حجم 1000 میلیلیتر (با ضمانت اصالت کالا),,
27782957,2026-04-21,فاطمه زهرا دریادل,5,,39895636,رژلب مایع خرسی Gege Bear مدل Tender Lip | مات و مخملی,,
27735574,2026-04-20,علی مقیمی,4,,38753486,ست گوش پاک کن 6 عددی مدل حرفه‌ای استیل,,
27718428,2026-04-19,F gh,5,,40840283,خط لب پیچی دراگون رانی,,
27718416,2026-04-19,F gh,5,,41478220,خط لب دراگون نود به صورت تک,,
27683546,2026-04-19,سید علی,5,,38753486,ست گوش پاک کن 6 عددی مدل حرفه‌ای استیل,,
27673869,2026-04-18,صبا مهجوری,5,,40840283,خط لب پیچی دراگون رانی,,
27660655,2026-04-18,نادری,5,,35209120,شامپو آرگان لایتنس 900 میل اصل,,
27643654,2026-04-18,علی,5,,37531453,ژل فیکس کننده و صابون ابرو گابرینی Gabrini اصل,,
27643643,2026-04-18,علی,5,,37232883,مداد ابرو ضد آب فلورمار Flormar,,
27643636,2026-04-18,علی,4,,39782688,هایلایتر استیکی بیلیون بیوتی (Billion Beauty),,
27643626,2026-04-18,علی,5,,40840283,خط لب پیچی دراگون رانی,,
27625887,2026-04-17,حنانه عباسی,5,,35038258,بیکینگ پودر دکتر اوتکر Dr. Oetker مدل Hamur Kabartma Tozu بسته 5 عددی,,
27625767,2026-04-17,حنانه عباسی,5,,37531194,پد آرایشی تخم مرغی مدل بیوتی بلندر,,
27594884,2026-04-16,gh,5,,40836753,ماسک زیر چشم برنج,,
27481592,2026-04-13,Barzegar,5,,38615116,کرم پودر گابرینی تیوپی مدل Derma اصل,,
27455109,2026-04-12,زهرا پیرامی,5,,37312037,ماسک موی آرگان لایتنس حجم 1000 میلیلیتر (با ضمانت اصالت کالا),,
27430026,2026-04-11,رهام زینی,4,,39777855,مداد چشم شمعی شیگلم SHEGLAM های کپی با کیفیت A+,,
27329589,2026-04-08,زهراحجازی,5,,37742720,برس مو چوبی سلتیک مدل Bamboo - خرید برس اورجینال از بهداشتیک,,
27329572,2026-04-08,زهراحجازی,5,,40840283,خط لب پیچی دراگون رانی,,
27329558,2026-04-08,زهراحجازی,5,,38752161,موزن بینی دستی بسته 3 عددی,,
27329551,2026-04-08,زهراحجازی,5,,41293677,ریمل هدی موجی hudamoji در سه مدل,,
27329548,2026-04-08,زهراحجازی,5,,40836379,نمک بدن تیوپی هلو 250 گرم,,
27329541,2026-04-08,زهراحجازی,5,,37891427,کانسیلر پد دار آرت اسکین مدل 24 ساعته,,
27329536,2026-04-08,زهراحجازی,5,,40619682,بالم لب طرح دیور,,
27318610,2026-04-08,Saeed,3,,39779554,خط چشم رنگی مایع هندیان HANDAIYAN (12 رنگ مات و جذاب),,
27316962,2026-04-08,النا عیوض پور,5,,40840283,خط لب پیچی دراگون رانی,,
27315163,2026-04-08,فرزانه مرادی,5,,40840283,خط لب پیچی دراگون رانی,,
27019387,2026-03-30,امیرحسین سبحانی,4,,35209616,اسپری ضد تعریق زنانه رکسونا Rexona مدل Cotton Dry روسی,,
27019382,2026-03-30,امیرحسین سبحانی,4,,35209637,اسپری ضد تعریق مردانه رکسونا Rexona مدل Antibacterial Invisible روسی,,
27019377,2026-03-30,امیرحسین سبحانی,5,,39899944,نمک حمام سادور Sadoer صورتی,,
26998635,2026-03-29,رقیه کاشفی,4,,40060558,مداد لب میس دمی miss demi,,
26998633,2026-03-29,رقیه کاشفی,4,,37531194,پد آرایشی تخم مرغی مدل بیوتی بلندر,,
26706333,2026-03-17,شهابی فر,5,,37753388,عصاره گوشت کنور 12 عددی اصل + خرید با بهترین قیمت از بهداشتیک,,
26504505,2026-03-11,مطهره مهدوی,5,,37531497,سایه چشم بیلیون بیوتی مدل Stay Shadows پالت 10 رنگ جذاب | خرید از بهداشتیک,,
26453121,2026-03-09,دوست باسلامی,5,,37238105,اسپری ضد تعریق مردانه رکسونا Rexona مدل Transparent Ice Invisible روسی,,
26453118,2026-03-09,دوست باسلامی,5,,37237557,اسپری ضد تعریق زنانه رکسونا Rexona مدل Shower Fresh روسی,,
26413230,2026-03-08,fattaneh shamani,5,,35209008,آدامس خرسی فوزن (Fusen) با طعم موز,علی خلیلی,ممنونم بابات درج نظر
25923792,2026-02-20,زهرا مال اندیش,2,,35207830,برس موی حرفه‌ای الیت Elite با دندانه‌های ضد گره,,
25787615,2026-02-16,بایجان نژاد,5,,35208942,شامپو ضد شوره و ضد ریزش مو زنانه Clear Women مدل Saç Dökülmesine Karşı,,
